Race,Percentage of Sample
White,95.97544338
Black,0.68212824
Asian,0.477489768
Pacific Islander,0.204638472
Other,2.182810368
Multi-Racial,0.409276944